--
-- PostgreSQL database dump
--

\restrict TlLMCS7bXxqtM3XUF34mb2GdsxmoqTZYnCucRLbNUkMAhHJZ2yPcvTJUqhHuNr9

-- Dumped from database version 17.6
-- Dumped by pg_dump version 17.6

SET statement_timeout = 0;
SET lock_timeout = 0;
SET idle_in_transaction_session_timeout = 0;
SET transaction_timeout = 0;
SET client_encoding = 'UTF8';
SET standard_conforming_strings = on;
SELECT pg_catalog.set_config('search_path', '', false);
SET check_function_bodies = false;
SET xmloption = content;
SET client_min_messages = warning;
SET row_security = off;

SET default_tablespace = '';

SET default_table_access_method = heap;

--
-- Name: credit_scores; Type: TABLE; Schema: public; Owner: -
--

CREATE TABLE public.credit_scores (
    id bigint NOT NULL,
    created_at timestamp(6) without time zone NOT NULL,
    credit_age_months integer,
    credit_score integer NOT NULL,
    credit_utilization_ratio double precision,
    customer_email character varying(255) NOT NULL,
    customer_id bigint NOT NULL,
    customer_name character varying(255) NOT NULL,
    debt_to_income_ratio double precision,
    income double precision NOT NULL,
    last_updated timestamp(6) without time zone NOT NULL,
    number_of_accounts integer,
    payment_history_score integer,
    score_grade character varying(255) NOT NULL,
    CONSTRAINT credit_scores_credit_score_check CHECK (((credit_score >= 300) AND (credit_score <= 850)))
);


--
-- Name: credit_scores_id_seq; Type: SEQUENCE; Schema: public; Owner: -
--

ALTER TABLE public.credit_scores ALTER COLUMN id ADD GENERATED BY DEFAULT AS IDENTITY (
    SEQUENCE NAME public.credit_scores_id_seq
    START WITH 1
    INCREMENT BY 1
    NO MINVALUE
    NO MAXVALUE
    CACHE 1
);


--
-- Name: customer; Type: TABLE; Schema: public; Owner: -
--

CREATE TABLE public.customer (
    id bigint NOT NULL,
    email character varying(255),
    name character varying(255),
    phone character varying(255),
    address character varying(255),
    credit_score integer,
    password character varying(255),
    role character varying(255),
    credit_age_months integer,
    credit_utilization_ratio double precision,
    debt_to_income_ratio double precision,
    income double precision,
    number_of_accounts integer,
    payment_history_score integer,
    emi double precision
);


--
-- Name: customer_id_seq; Type: SEQUENCE; Schema: public; Owner: -
--

ALTER TABLE public.customer ALTER COLUMN id ADD GENERATED BY DEFAULT AS IDENTITY (
    SEQUENCE NAME public.customer_id_seq
    START WITH 1
    INCREMENT BY 1
    NO MINVALUE
    NO MAXVALUE
    CACHE 1
);


--
-- Name: emi; Type: TABLE; Schema: public; Owner: -
--

CREATE TABLE public.emi (
    id bigint NOT NULL,
    amount double precision,
    due_date date,
    paid boolean NOT NULL,
    paid_date date,
    loan_id bigint NOT NULL,
    emi_number integer,
    payment_date timestamp(6) without time zone,
    payment_method character varying(255),
    status character varying(255),
    CONSTRAINT emi_status_check CHECK (((status)::text = ANY ((ARRAY['PENDING'::character varying, 'PAID'::character varying, 'OVERDUE'::character varying])::text[])))
);


--
-- Name: emi_id_seq; Type: SEQUENCE; Schema: public; Owner: -
--

ALTER TABLE public.emi ALTER COLUMN id ADD GENERATED BY DEFAULT AS IDENTITY (
    SEQUENCE NAME public.emi_id_seq
    START WITH 1
    INCREMENT BY 1
    NO MINVALUE
    NO MAXVALUE
    CACHE 1
);


--
-- Name: loan; Type: TABLE; Schema: public; Owner: -
--

CREATE TABLE public.loan (
    id bigint NOT NULL,
    amount double precision,
    created_at timestamp(6) without time zone,
    status character varying(255),
    term_months integer,
    customer_id bigint,
    applied_date timestamp(6) without time zone,
    approved_date timestamp(6) without time zone,
    purpose character varying(255),
    admin_comments character varying(255),
    application_date timestamp(6) without time zone,
    approval_date timestamp(6) without time zone,
    tenure integer,
    emi double precision,
    emi_amount double precision,
    interest_rate double precision,
    total_amount double precision
);


--
-- Name: loan_id_seq; Type: SEQUENCE; Schema: public; Owner: -
--

ALTER TABLE public.loan ALTER COLUMN id ADD GENERATED BY DEFAULT AS IDENTITY (
    SEQUENCE NAME public.loan_id_seq
    START WITH 1
    INCREMENT BY 1
    NO MINVALUE
    NO MAXVALUE
    CACHE 1
);


--
-- Name: loans; Type: TABLE; Schema: public; Owner: -
--

CREATE TABLE public.loans (
    id bigint NOT NULL,
    action_date timestamp(6) without time zone,
    amount double precision NOT NULL,
    application_date timestamp(6) without time zone NOT NULL,
    comments text,
    purpose character varying(255) NOT NULL,
    status character varying(255) NOT NULL,
    tenure integer NOT NULL,
    customer_id bigint NOT NULL,
    CONSTRAINT loans_status_check CHECK (((status)::text = ANY ((ARRAY['PENDING'::character varying, 'APPROVED'::character varying, 'REJECTED'::character varying])::text[])))
);


--
-- Name: loans_id_seq; Type: SEQUENCE; Schema: public; Owner: -
--

CREATE SEQUENCE public.loans_id_seq
    START WITH 1
    INCREMENT BY 1
    NO MINVALUE
    NO MAXVALUE
    CACHE 1;


--
-- Name: loans_id_seq; Type: SEQUENCE OWNED BY; Schema: public; Owner: -
--

ALTER SEQUENCE public.loans_id_seq OWNED BY public.loans.id;


--
-- Name: loans id; Type: DEFAULT; Schema: public; Owner: -
--

ALTER TABLE ONLY public.loans ALTER COLUMN id SET DEFAULT nextval('public.loans_id_seq'::regclass);


--
-- Data for Name: credit_scores; Type: TABLE DATA; Schema: public; Owner: -
--

COPY public.credit_scores (id, created_at, credit_age_months, credit_score, credit_utilization_ratio, customer_email, customer_id, customer_name, debt_to_income_ratio, income, last_updated, number_of_accounts, payment_history_score, score_grade) FROM stdin;
11	2025-10-01 06:48:26.702097	31	469	0.6467543235077228	test@example.com	29	Test User	0.5137089868716753	37001.474523387114	2025-10-01 12:20:46.342906	3	68	Poor
12	2025-10-01 12:20:46.887244	64	647	0.26384072544774234	userm@example.com	31	Userm	0.32255052874523804	83572.61924142645	2025-10-01 12:20:46.887244	5	82	Fair
9	2025-10-01 05:53:49.431651	60	850	0.05	wilson@gmail.com	27	tom	0	1200000	2025-10-01 12:20:48.356303	3	100	Excellent
14	2026-05-20 23:05:56.141934	\N	446	\N	autotest.customer@example.com	34	Auto Test	0.07499932108603989	60000	2026-05-24 22:35:02.528041	\N	\N	Poor
10	2025-10-01 06:44:10.806436	81	652	0.34307420697050794	rani@example.com	28	Rani	0.27500642506976614	83434.76944232205	2026-05-24 22:35:03.458906	4	88	Fair
3	2025-10-01 05:53:48.3921	50	556	0.36531209621451066	janviranout@gmail.com	2	janvi athrav	0.4233136032107071	55540.086252260764	2026-05-24 22:35:03.530952	3	79	Poor
4	2025-10-01 05:53:48.923464	14	393	0.7313623385280172	anki@gmail.com	18	Ankit	0.7931894843575069	20746.057173955654	2026-05-24 22:35:03.620948	1	41	Poor
5	2025-10-01 05:53:49.092883	18	451	0.95	sarah.wilson@email.com	20	Sarah Wilson	0.85	35000	2026-05-24 22:35:03.692846	8	45	Poor
6	2025-10-01 05:53:49.185499	84	764	0.05	michael.johnson@email.com	21	Michael Johnson	0.15	95000	2026-05-24 22:35:03.791057	4	98	Very Good
7	2025-10-01 05:53:49.278961	\N	600	\N	roshni@gmail.com	22	Roshni  kumari	0.0009194535816987184	800000	2026-05-24 22:35:03.897619	\N	\N	Fair
1	2025-09-30 21:56:58.561934	18	451	0.95	sarah.wilson@example.com	1001	Sarah Wilson	0.85	35000	2026-05-24 22:24:18.050893	8	45	Poor
2	2025-09-30 21:56:59.090965	84	764	0.05	michael.johnson@example.com	1002	Michael Johnson	0.15	95000	2026-05-24 22:24:18.750088	4	98	Very Good
8	2025-10-01 05:53:49.364278	60	708	0.05	charak@gmail.com	25	Charak	0	23400	2026-05-24 22:35:03.953035	3	100	Good
13	2025-10-01 12:20:48.73095	8	401	0.9403196378178833	usert@example.com	33	Usert	0.8435927882205928	32032.339359644735	2026-05-24 22:35:04.024361	2	37	Poor
\.


--
-- Data for Name: customer; Type: TABLE DATA; Schema: public; Owner: -
--

COPY public.customer (id, email, name, phone, address, credit_score, password, role, credit_age_months, credit_utilization_ratio, debt_to_income_ratio, income, number_of_accounts, payment_history_score, emi) FROM stdin;
34	autotest.customer@example.com	Auto Test	9999900000	1 Test Ave	446	$2a$10$EJP5HM5JGi3ixXjtaFVQme4gsxrMQZAAXgFNQjvrThAF5HNsIjJjG	CUSTOMER	\N	\N	0.07499932108603989	60000	\N	\N	4499.959265162393
35	autotest.admin@example.com	Auto Admin	8888800000	Admin HQ	\N	$2a$10$nduaN63EuGm2/.mzIbfAJe5TmTxjEb8RYe26xadn6rfbAjZR/JW3q	ADMIN	\N	\N	\N	\N	\N	\N	\N
38	testcustomer_34473826@example.com	\N	\N	123, Test Street, City, Country	500	$2a$10$HcLZOoheBNvKqCCoJx3KbeFj4dj3014NMcKkVqyK.u0JyPHZbqxES	CUSTOMER	\N	\N	\N	500000	\N	\N	\N
39	testcustomer_69408423@example.com	\N	\N	123, Test Street, City, Country	500	$2a$10$1.4otZClLMKzG1mwptkEfePsQaFHjPsvUl0HE6lA.ngfUwYMoSZey	CUSTOMER	\N	\N	\N	500000	\N	\N	\N
40	testuser@example.com	\N	\N	123 Test Street	500	$2a$10$7bfK0qlWO.ovPVD1fUPqC.sZbo0GYHGl9e9l3fauye29I1zHWVkcW	CUSTOMER	\N	\N	\N	500000	\N	\N	\N
41	admin@example.com	\N	\N	Admin Street	\N	$2a$10$ZhEt0af/RHcH0kKbZEiF.OQvt2yVVzh3HUaoIjhuP1yPbAzIlcbVK	ADMIN	\N	\N	\N	500000	\N	\N	\N
28	rani@example.com	Rani	\N	\N	652	$2a$10$ekrwjomcaIpZ6rKiFP.KoO4H33UUxzGcF4kL4zM6DtxF1GDVGzt0q	CUSTOMER	81	0.34307420697050794	0.27500642506976614	83434.76944232205	4	88	\N
19	June@gmail.com	June Mehta	981818238	Oxford strreett 	600	$2a$10$kmXIOVB0oy1fTKZ7M9y0DetLWfK10qLDU2x2tFdVafIMRM11Ebisu	ADMIN	\N	\N	\N	\N	\N	\N	\N
2	janviranout@gmail.com	janvi athrav	08859798665	574	556	$2a$10$hQhWh/dNb.VJNN.7.fa/k.3Y3xEMCH0Yr3trMN9aIROLzvyFuDV4W	CUSTOMER	50	0.36531209621451066	0.4233136032107071	55540.086252260764	3	79	\N
18	anki@gmail.com	Ankit	7394923534	#242 Shastrinagar chandigarh	393	$2a$10$9RdKop9vugn872FOa0NDV.BnAhKguv3w6yHf8y3ls9intY2JnFSny	CUSTOMER	14	0.7313623385280172	0.7931894843575069	20746.057173955654	1	41	\N
20	sarah.wilson@email.com	Sarah Wilson	555-0101	123 High Street, City	451	$2a$10$bkz2lgSEMV6zwyCEDhB74eucxkyUpe1hrj3INMT79oHCLfQddDi0O	CUSTOMER	18	0.95	0.85	35000	8	45	\N
21	michael.johnson@email.com	Michael Johnson	555-0102	456 Low Street, City	764	$2a$10$r8c208a8ZW8/BVkFnZKNnOqMGC3l5D4FrKWFaxY0/uCLqiu9xRF/6	CUSTOMER	84	0.05	0.15	95000	4	98	\N
22	roshni@gmail.com	Roshni  kumari	987586574	675 uptown sstreet	600	$2a$10$FR5lrCuap9jIenkQe0/Si.vAKUYeyYEZ3ynVgqAtGBay35KB7sp4G	CUSTOMER	\N	\N	0.0009194535816987184	800000	\N	\N	735.5628653589747
23	naman@gmail.com	Naman	5464565	213	\N	$2a$10$3qN72.8p6bl6Qp5Qa213E.Mdr0NR2EyjXBnIT2Y.0Z5lFa0rxUmjC	ADMIN	\N	\N	\N	\N	\N	\N	\N
24	mehta@gmail.com	sargun	45834568	56756	\N	$2a$10$9Gpx.1vGme0hwrodddHJk.5EzOIvuM5qVOS7taTB0qhfAsHlWoUBO	ADMIN	\N	\N	\N	\N	\N	\N	\N
25	charak@gmail.com	Charak	1234567890	house of dcootres	708	$2a$10$7hpi7EQwoLt6G8NX809are5Igm.n7r4plJusky2SAGNsmihZZhqIO	CUSTOMER	60	0.05	0	23400	3	100	0
33	usert@example.com	Usert	\N	\N	401	$2a$10$zZbmrJZKins3h6bvroIjk.URAKeeqX8HMZN3FDp65ZAU7lrp9NjIS	CUSTOMER	8	0.9403196378178833	0.8435927882205928	32032.339359644735	2	37	\N
\.


--
-- Data for Name: emi; Type: TABLE DATA; Schema: public; Owner: -
--

COPY public.emi (id, amount, due_date, paid, paid_date, loan_id, emi_number, payment_date, payment_method, status) FROM stdin;
\.


--
-- Data for Name: loan; Type: TABLE DATA; Schema: public; Owner: -
--

COPY public.loan (id, amount, created_at, status, term_months, customer_id, applied_date, approved_date, purpose, admin_comments, application_date, approval_date, tenure, emi, emi_amount, interest_rate, total_amount) FROM stdin;
2	67450	\N	APPROVED	\N	2	2025-09-10 12:01:12.08055	\N	Gold Loan	approved	\N	2025-09-25 19:12:48.907148	\N	\N	\N	\N	\N
5	23900	\N	REJECTED	\N	2	\N	\N	Car Purchase	rejected	2025-09-19 20:54:41.468769	2025-09-25 19:12:57.812511	48	\N	\N	\N	\N
6	450000	\N	APPROVED	\N	2	\N	\N	Business	approved	2025-09-19 20:54:58.494533	2025-09-25 19:13:08.478932	60	\N	\N	\N	\N
3	200000	\N	REJECTED	\N	2	\N	\N	Education	rejected	2025-09-19 20:15:29.268558	2025-09-25 19:13:19.586883	120	\N	\N	\N	\N
4	233400	\N	REJECTED	\N	2	\N	\N	Education	rejected	2025-09-19 20:46:40.088529	2025-09-25 19:13:27.232273	120	\N	\N	\N	\N
7	500000	\N	REJECTED	\N	2	\N	\N	Debt Consolidation	rejected	2025-09-19 21:02:04.387036	2025-09-25 19:13:33.28759	60	\N	\N	\N	\N
8	500000	\N	PENDING	\N	2	\N	\N	Debt Consolidation	\N	2025-09-26 06:29:13.811876	\N	84	\N	\N	\N	\N
9	67000	\N	APPROVED	\N	18	\N	\N	Business	approved	2025-09-26 17:55:41.907048	2025-09-26 20:37:55.709577	24	\N	\N	\N	\N
11	566000	\N	APPROVED	\N	22	\N	\N	Home Purchase	APPROVED	2025-09-27 19:36:17.968177	2025-09-27 19:37:00.748757	48	\N	\N	\N	\N
13	670000	\N	PENDING	\N	21	\N	\N	Business	\N	2025-09-29 09:39:31.760569	\N	24	31227.251591671487	\N	\N	\N
12	9000	\N	APPROVED	\N	18	\N	\N	Education	approved	2025-09-28 07:43:19.777048	2025-10-01 11:12:57.011068	12	\N	\N	\N	\N
14	600000	\N	APPROVED	\N	2	\N	\N	Other	approved	2026-05-20 22:31:05.744563	2026-05-20 22:32:13.221576	84	\N	10915.18	13	916875.12
10	560000	\N	APPROVED	\N	20	\N	\N	Home Improvement	approved	2025-09-26 23:08:59.400276	2026-05-20 22:58:56.453857	84	\N	\N	\N	\N
15	150000	\N	PENDING	\N	34	\N	\N	Home	\N	2026-05-20 23:06:10.963418	\N	24	\N	7096.1	12.5	170306.4
16	150000	\N	PENDING	\N	34	\N	\N	Home	\N	2026-05-21 11:33:22.9846	\N	24	\N	7096.1	12.5	170306.4
17	500000	\N	APPROVED	\N	40	\N	\N	Personal	Test approval	2026-05-21 20:55:53.358588	2026-05-21 21:21:22.450852	12	\N	44424.39	12	533092.68
\.


--
-- Data for Name: loans; Type: TABLE DATA; Schema: public; Owner: -
--

COPY public.loans (id, action_date, amount, application_date, comments, purpose, status, tenure, customer_id) FROM stdin;
\.


--
-- Name: credit_scores_id_seq; Type: SEQUENCE SET; Schema: public; Owner: -
--

SELECT pg_catalog.setval('public.credit_scores_id_seq', 14, true);


--
-- Name: customer_id_seq; Type: SEQUENCE SET; Schema: public; Owner: -
--

SELECT pg_catalog.setval('public.customer_id_seq', 42, true);


--
-- Name: emi_id_seq; Type: SEQUENCE SET; Schema: public; Owner: -
--

SELECT pg_catalog.setval('public.emi_id_seq', 7, true);


--
-- Name: loan_id_seq; Type: SEQUENCE SET; Schema: public; Owner: -
--

SELECT pg_catalog.setval('public.loan_id_seq', 17, true);


--
-- Name: loans_id_seq; Type: SEQUENCE SET; Schema: public; Owner: -
--

SELECT pg_catalog.setval('public.loans_id_seq', 1, false);


--
-- Name: credit_scores credit_scores_pkey; Type: CONSTRAINT; Schema: public; Owner: -
--

ALTER TABLE ONLY public.credit_scores
    ADD CONSTRAINT credit_scores_pkey PRIMARY KEY (id);


--
-- Name: customer customer_pkey; Type: CONSTRAINT; Schema: public; Owner: -
--

ALTER TABLE ONLY public.customer
    ADD CONSTRAINT customer_pkey PRIMARY KEY (id);


--
-- Name: emi emi_pkey; Type: CONSTRAINT; Schema: public; Owner: -
--

ALTER TABLE ONLY public.emi
    ADD CONSTRAINT emi_pkey PRIMARY KEY (id);


--
-- Name: loan loan_pkey; Type: CONSTRAINT; Schema: public; Owner: -
--

ALTER TABLE ONLY public.loan
    ADD CONSTRAINT loan_pkey PRIMARY KEY (id);


--
-- Name: loans loans_pkey; Type: CONSTRAINT; Schema: public; Owner: -
--

ALTER TABLE ONLY public.loans
    ADD CONSTRAINT loans_pkey PRIMARY KEY (id);


--
-- Name: credit_scores ukt0kp4t0d3myqq04k2ckvfib3r; Type: CONSTRAINT; Schema: public; Owner: -
--

ALTER TABLE ONLY public.credit_scores
    ADD CONSTRAINT ukt0kp4t0d3myqq04k2ckvfib3r UNIQUE (customer_id);


--
-- Name: customer unique_email; Type: CONSTRAINT; Schema: public; Owner: -
--

ALTER TABLE ONLY public.customer
    ADD CONSTRAINT unique_email UNIQUE (email);


--
-- Name: idx_credit_created_at; Type: INDEX; Schema: public; Owner: -
--

CREATE INDEX idx_credit_created_at ON public.credit_scores USING btree (created_at);


--
-- Name: idx_credit_customer_id; Type: INDEX; Schema: public; Owner: -
--

CREATE INDEX idx_credit_customer_id ON public.credit_scores USING btree (customer_id);


--
-- Name: idx_credit_score; Type: INDEX; Schema: public; Owner: -
--

CREATE INDEX idx_credit_score ON public.credit_scores USING btree (credit_score);


--
-- Name: idx_customer_credit_score; Type: INDEX; Schema: public; Owner: -
--

CREATE INDEX idx_customer_credit_score ON public.customer USING btree (credit_score);


--
-- Name: idx_customer_email; Type: INDEX; Schema: public; Owner: -
--

CREATE INDEX idx_customer_email ON public.customer USING btree (email);


--
-- Name: idx_customer_income; Type: INDEX; Schema: public; Owner: -
--

CREATE INDEX idx_customer_income ON public.customer USING btree (income);


--
-- Name: idx_customer_role; Type: INDEX; Schema: public; Owner: -
--

CREATE INDEX idx_customer_role ON public.customer USING btree (role);


--
-- Name: idx_emi_due_date; Type: INDEX; Schema: public; Owner: -
--

CREATE INDEX idx_emi_due_date ON public.emi USING btree (due_date);


--
-- Name: idx_emi_loan_id; Type: INDEX; Schema: public; Owner: -
--

CREATE INDEX idx_emi_loan_id ON public.emi USING btree (loan_id);


--
-- Name: idx_emi_paid_date; Type: INDEX; Schema: public; Owner: -
--

CREATE INDEX idx_emi_paid_date ON public.emi USING btree (payment_date);


--
-- Name: idx_emi_status; Type: INDEX; Schema: public; Owner: -
--

CREATE INDEX idx_emi_status ON public.emi USING btree (status);


--
-- Name: idx_loan_application_date; Type: INDEX; Schema: public; Owner: -
--

CREATE INDEX idx_loan_application_date ON public.loan USING btree (application_date);


--
-- Name: idx_loan_customer_id; Type: INDEX; Schema: public; Owner: -
--

CREATE INDEX idx_loan_customer_id ON public.loan USING btree (customer_id);


--
-- Name: idx_loan_customer_status; Type: INDEX; Schema: public; Owner: -
--

CREATE INDEX idx_loan_customer_status ON public.loan USING btree (customer_id, status);


--
-- Name: idx_loan_status; Type: INDEX; Schema: public; Owner: -
--

CREATE INDEX idx_loan_status ON public.loan USING btree (status);


--
-- Name: emi fk2lfrfgr2iu0xm655ipg153jy4; Type: FK CONSTRAINT; Schema: public; Owner: -
--

ALTER TABLE ONLY public.emi
    ADD CONSTRAINT fk2lfrfgr2iu0xm655ipg153jy4 FOREIGN KEY (loan_id) REFERENCES public.loan(id);


--
-- Name: loans fkahphdxgcntfp9efivs0vdlmux; Type: FK CONSTRAINT; Schema: public; Owner: -
--

ALTER TABLE ONLY public.loans
    ADD CONSTRAINT fkahphdxgcntfp9efivs0vdlmux FOREIGN KEY (customer_id) REFERENCES public.customer(id);


--
-- Name: loan fkcwv05agfqwg5ndy6adbefsx7d; Type: FK CONSTRAINT; Schema: public; Owner: -
--

ALTER TABLE ONLY public.loan
    ADD CONSTRAINT fkcwv05agfqwg5ndy6adbefsx7d FOREIGN KEY (customer_id) REFERENCES public.customer(id);


--
-- PostgreSQL database dump complete
--

\unrestrict TlLMCS7bXxqtM3XUF34mb2GdsxmoqTZYnCucRLbNUkMAhHJZ2yPcvTJUqhHuNr9

